""
"CID","TERM","SUBJ","CRSE","SEC","UNITS"
"39367","200706","ABC","105","1","4"
""
"INSTRUCTOR(S)","TYPE","DAYS","TIME","BUILD","ROOM"
"Diaz, Michelle H.","Lecture","TWR","9:00 AM - 10:40 AM","LH5","8"
"","Discussion","R","11:00 AM - 12:30 PM","LH5","8"
""
"SEAT","SID","SURNAME","PREFNAME","LEVEL","UNITS","CLASS","MAJOR","GRADE","STATUS","EMAIL"
"1","531284718","Gonzalez","Noah","UG","4","SR","O224","A","RE","noah.j.gonzalez@fakeu.edu"
"2","625385001","Mullen","Sophia","UG","4","SR","OT42","A-","RE","sophia.i.mullen@fakeu.edu"
"3","554690485","Francis","Matthew","UG","4","SR","DEF1","A","RE","matthew.a.francis@fakeu.edu"
"4","218802645","Ortega","Camila","UG","4","JR","OTH8","A-","RE","camila.j.ortega@fakeu.edu"
"5","164676576","Garcia","Aiden","UG","4","JR","OT21","F","RE","aiden.x.garcia@fakeu.edu"
"6","533870221","Best","Angel","UG","4","JR","OT42","B+","RE","angel.e.best@fakeu.edu"
"7","336253075","Smith","Brooklyn","UG","4","JR","O238","A","RE","brooklyn.m.smith@fakeu.edu"
"8","701151942","Richards","Jeremiah","UG","4","JR","ABC1","C+","RE","jeremiah.a.richards@fakeu.edu"
"9","531865016","Davis","Khloe","UG","4","JR","O174","B","RE","khloe.z.davis@fakeu.edu"
"10","933070259","Rivers","John","UG","4","JR","OT39","C-","RE","john.w.rivers@fakeu.edu"
"11","788316421","Irwin","Benjamin","UG","0","JR","OT26","D+","RE","benjamin.a.irwin@fakeu.edu"
"12","373159595","Howell","Alex","UG","4","JR","OT39","D","RE","alex.x.howell@fakeu.edu"
"13","909289596","Griffin","Ashley","UG","4","JR","O238","A-","RE","ashley.v.griffin@fakeu.edu"
"14","409547629","Welch","Adrian","UG","4","JR","OT48","B-","RE","adrian.s.welch@fakeu.edu"
"15","186953450","Jones","Layla","UG","4","SR","OT42","C-","RE","layla.t.jones@fakeu.edu"
"16","865218854","Hunt","Luis","UG","4","SO","OT62","B-","RE","luis.m.hunt@fakeu.edu"
"17","252164085","Smith","Daniel","UG","4","SO","OT35","B-","RE","daniel.e.smith@fakeu.edu"
"18","266102235","Williams","Luis","UG","4","JR","OT39","B+","RE","luis.x.williams@fakeu.edu"
"19","867956399","Kirk","Emily","UG","4","SO","OT42","B+","RE","emily.d.kirk@fakeu.edu"
"20","179095006","Ruiz","Noah","UG","4","SO","ABC1","B","RE","noah.d.ruiz@fakeu.edu"
"21","234169929","Gibson","Alexander","UG","4","SO","O224","B+","RE","alexander.a.gibson@fakeu.edu"
"22","202492883","Oliver","Isabella","UG","4","SO","O223","C-","RE","isabella.m.oliver@fakeu.edu"
"23","731509704","Conner","Michelle","UG","4","SO","DEF2","A","RE","michelle.a.conner@fakeu.edu"
"24","669819155","Wheeler","Samuel","UG","4","SO","OT35","A-","RE","samuel.s.wheeler@fakeu.edu"
"25","431439807","Jones","Kevin","UG","4","SO","OT35","A","RE","kevin.e.jones@fakeu.edu"
"26","794403842","Mccullough","Jonathan","ND","4","ND","OTH2","A","RE","jonathan.a.mccullough@fakeu.edu"
"27","808239989","Brown","Olivia","UG","4","JR","O252","A","RE","olivia.m.brown@fakeu.edu"
"28","978870665","Martinez","Savannah","UG","4","SR","OT68","I","RE","savannah.a.martinez@fakeu.edu"
"29","430394530","Harris","Ariana","UG","4","SR","OT35","B+","RE","ariana.k.harris@fakeu.edu"
"30","583630704","Cruz","Ryan","UG","4","FR","O228","A-","RE","ryan.n.cruz@fakeu.edu"
"31","354418099","Marshall","Lillian","UG","4","SR","O239","C","RE","lillian.a.marshall@fakeu.edu"
"32","978061599","Ramsey","Destiny","UG","4","SR","O262","C-","RE","destiny.j.ramsey@fakeu.edu"
"33","529739688","Peterson","Luke","UG","4","SO","OTH4","F","RE","luke.e.peterson@fakeu.edu"
"34","481075440","Morgan","Zoe","ND","4","ND","OTH2","A+","RE","zoe.a.morgan1@fakeu.edu"
"35","438681741","Montoya","Ayden","UG","4","SO","OT42","C","RE","ayden.a.montoya@fakeu.edu"
"36","211512753","Madden","Elijah","UG","4","SR","OT68","C-","RE","elijah.a.madden@fakeu.edu"
"37","112307444","Russo","Joseph","UG","4","JR","OTH7","A-","RE","joseph.t.russo@fakeu.edu"
"38","271135026","Patterson","Elijah","UG","4","JR","OTH7","A","RE","elijah.j.patterson@fakeu.edu"
""
"CID","TERM","SUBJ","CRSE","SEC","UNITS"
"71147","200706","ABC","106","1","4"
""
"INSTRUCTOR(S)","TYPE","DAYS","TIME","BUILD","ROOM"
"White, Jose E.","Lecture","MTW","11:00 AM - 12:40 PM","MB5","1352"
"","Discussion","M","3:10 PM - 4:40 PM","LH1","98"
""
"SEAT","SID","SURNAME","PREFNAME","LEVEL","UNITS","CLASS","MAJOR","GRADE","STATUS","EMAIL"
"1","368408580","Whitfield","Jayden","UG","4","SR","OT54","C","RE","jayden.l.whitfield@fakeu.edu"
"2","712495197","Kirby","Amelia","UG","4","SR","OT77","B-","RE","amelia.a.kirby@fakeu.edu"
"3","469358394","Mccoy","Emily","UG","4","SR","ABC1","B-","RE","emily.v.mccoy@fakeu.edu"
"4","266435181","Brown","Sophia","UG","4","SR","OTH8","F","RE","sophia.l.brown@fakeu.edu"
"5","824158989","Brown","Julian","UG","4","SR","OT42","B+","RE","julian.l.brown@fakeu.edu"
"6","191311494","Barnes","Hannah","UG","4","JR","ABC2","A-","RE","hannah.g.barnes@fakeu.edu"
"7","223253984","Clark","Madison","UG","4","JR","O223","B+","RE","madison.j.clark@fakeu.edu"
"8","648195993","Richards","Jonathan","UG","4","JR","ABC2","F","RE","jonathan.s.richards@fakeu.edu"
"9","206740211","Hernandez","Maria","UG","4","JR","O117","F","RE","maria.e.hernandez@fakeu.edu"
"10","697313891","Chambers","Andrea","UG","4","JR","O225","C","RE","andrea.a.chambers@fakeu.edu"
"11","275506066","Baker","Sofia","UG","4","SO","OTH8","C-","RE","sofia.l.baker@fakeu.edu"
"12","382028048","Young","Andrea","UG","4","SO","OT62","A","RE","andrea.n.young@fakeu.edu"
"13","964879248","Williams","Adrian","UG","4","SR","OT35","B","RE","adrian.s.williams@fakeu.edu"
"14","948618147","Hill","Adrian","UG","4","SO","DEF2","C","RE","adrian.x.hill@fakeu.edu"
"15","897241697","Roberts","Victoria","UG","4","SR","DEF1","F","RE","victoria.a.roberts@fakeu.edu"
"16","734748972","Campbell","Daniel","UG","4","SR","O223","A-","RE","daniel.a.campbell@fakeu.edu"
"17","519291298","Gibson","Daniel","UG","4","JR","OT62","A","RE","daniel.m.gibson@fakeu.edu"
"18","783067325","Martinez","Isaiah","UG","4","JR","OTH7","B","RE","isaiah.e.martinez@fakeu.edu"
"19","523948204","Smith","Jasmine","UG","4","SR","O238","F","RE","jasmine.e.smith@fakeu.edu"
"20","419999450","Castaneda","Isaac","UG","4","SR","DEF1","F","RE","isaac.h.castaneda@fakeu.edu"
"21","267440539","Thompson","Juan","UG","4","JR","OT42","B+","RE","juan.k.thompson@fakeu.edu"
"22","888402016","Norris","Juan","UG","4","SO","OTH8","F","RE","juan.r.norris@fakeu.edu"
"23","314721526","Crawford","Alan","UG","4","SR","O224","C-","RE","alan.a.crawford@fakeu.edu"
"24","620954734","West","Maya","UG","4","SR","OT35","C","RE","maya.b.west@fakeu.edu"
"25","857403942","Fields","Matthew","UG","4","SO","ABC2","A","RE","matthew.v.fields@fakeu.edu"
"26","776112828","Ross","Samuel","UG","4","JR","O160","F","RE","samuel.a.ross@fakeu.edu"
"27","293687207","Browning","Scarlett","UG","4","JR","OT62","F","RE","scarlett.l.browning@fakeu.edu"
""
"CID","TERM","SUBJ","CRSE","SEC","UNITS"
"12944","200706","ABC","108","1","4"
""
"INSTRUCTOR(S)","TYPE","DAYS","TIME","BUILD","ROOM"
"White, Jose E.","Lecture","MTW","9:00 AM - 10:40 AM","MB5","1352"
"","Discussion","M","2:10 PM - 3:40 PM","LH5","8"
""
"SEAT","SID","SURNAME","PREFNAME","LEVEL","UNITS","CLASS","MAJOR","GRADE","STATUS","EMAIL"
"1","263163101","Hill","Daniel","UG","4","JR","ABC2","A+","RE","daniel.a.hill3@fakeu.edu"
"2","193313938","White","Emma","UG","4","JR","ABC1","B","RE","emma.l.white1@fakeu.edu"
"3","593987756","Bell","Matthew","UG","4","JR","DEF2","C","RE","matthew.g.bell@fakeu.edu"
"4","733418926","Stewart","Valentina","UG","4","JR","ABC2","F","RE","valentina.a.stewart@fakeu.edu"
"5","147148101","Castro","Adrian","UG","4","JR","ABC1","C+","RE","adrian.g.castro@fakeu.edu"
"6","139684952","Carter","Harper","UG","4","JR","ABC1","F","RE","harper.d.carter@fakeu.edu"
"7","263965639","Williams","Alex","UG","4","JR","DEF2","A+","RE","alex.g.williams@fakeu.edu"
"8","469380420","Lee","Nathaniel","UG","4","JR","ABC1","B-","RE","nathaniel.a.lee@fakeu.edu"
"9","474672700","White","Scarlett","UG","4","JR","ABC1","C","RE","scarlett.z.white@fakeu.edu"
"10","340010219","Martin","Natalie","UG","4","JR","OT41","C+","RE","natalie.d.martin@fakeu.edu"
"11","155600636","Douglas","Elijah","UG","4","JR","OT16","F","RE","elijah.m.douglas@fakeu.edu"
"12","121339940","Clark","Grace","UG","4","JR","OTH7","A","RE","grace.g.clark@fakeu.edu"
"13","474730040","Gill","Isaac","UG","4","FR","OT35","C-","RE","isaac.c.gill@fakeu.edu"
"14","429554743","Miller","Matthew","UG","4","JR","ABC2","A","RE","matthew.a.miller@fakeu.edu"
"15","609085163","Harris","Alexander","UG","4","JR","ABC1","A+","RE","alexander.n.harris@fakeu.edu"
"16","531364459","Lee","Julian","UG","4","FR","ABC1","F","RE","julian.e.lee1@fakeu.edu"
"17","777834610","Moore","James","UG","4","SR","OT68","B-","RE","james.d.moore@fakeu.edu"
"18","237339586","Ramos","Steven","UG","4","JR","O224","F","RE","steven.g.ramos@fakeu.edu"
"19","268786508","Graham","Eric","UG","4","SO","O251","C+","RE","eric.m.graham@fakeu.edu"
"20","146589069","Snyder","Ava","UG","4","FR","ABC1","A+","RE","ava.s.snyder@fakeu.edu"
""
"CID","TERM","SUBJ","CRSE","SEC","UNITS"
"68684","200706","ABC","112","0","1.000 - 5.000"
""
"INSTRUCTOR(S)","TYPE","DAYS","TIME","BUILD","ROOM"
"","Internship","","","",""
""
"SEAT","SID","SURNAME","PREFNAME","LEVEL","UNITS","CLASS","MAJOR","GRADE","STATUS","EMAIL"
""
"CID","TERM","SUBJ","CRSE","SEC","UNITS"
"24185","200706","ABC","112","1","1.000 - 5.000"
""
"INSTRUCTOR(S)","TYPE","DAYS","TIME","BUILD","ROOM"
"","Internship","","","",""
""
"SEAT","SID","SURNAME","PREFNAME","LEVEL","UNITS","CLASS","MAJOR","GRADE","STATUS","EMAIL"
""
"CID","TERM","SUBJ","CRSE","SEC","UNITS"
"12378","200706","ABC","112","2","1.000 - 5.000"
""
"INSTRUCTOR(S)","TYPE","DAYS","TIME","BUILD","ROOM"
"Perry, Katherine V.","Internship","","","",""
""
"SEAT","SID","SURNAME","PREFNAME","LEVEL","UNITS","CLASS","MAJOR","GRADE","STATUS","EMAIL"
""
"CID","TERM","SUBJ","CRSE","SEC","UNITS"
"58024","200706","ABC","113","0","1.000 - 5.000"
""
"INSTRUCTOR(S)","TYPE","DAYS","TIME","BUILD","ROOM"
"","Variable","","","",""
""
"SEAT","SID","SURNAME","PREFNAME","LEVEL","UNITS","CLASS","MAJOR","GRADE","STATUS","EMAIL"
""
"CID","TERM","SUBJ","CRSE","SEC","UNITS"
"11984","200706","ABC","113","1","1.000 - 5.000"
""
"INSTRUCTOR(S)","TYPE","DAYS","TIME","BUILD","ROOM"
"","Variable","","","",""
""
"SEAT","SID","SURNAME","PREFNAME","LEVEL","UNITS","CLASS","MAJOR","GRADE","STATUS","EMAIL"
""
"CID","TERM","SUBJ","CRSE","SEC","UNITS"
"62625","200706","ABC","113","2","1.000 - 5.000"
""
"INSTRUCTOR(S)","TYPE","DAYS","TIME","BUILD","ROOM"
"Perry, Katherine V.","Variable","","","",""
""
"SEAT","SID","SURNAME","PREFNAME","LEVEL","UNITS","CLASS","MAJOR","GRADE","STATUS","EMAIL"
""
"CID","TERM","SUBJ","CRSE","SEC","UNITS"
"39510","200706","ABC","114","0","1.000 - 5.000"
""
"INSTRUCTOR(S)","TYPE","DAYS","TIME","BUILD","ROOM"
"","Variable","","","",""
""
"SEAT","SID","SURNAME","PREFNAME","LEVEL","UNITS","CLASS","MAJOR","GRADE","STATUS","EMAIL"
""
"CID","TERM","SUBJ","CRSE","SEC","UNITS"
"61983","200706","ABC","114","1","1.000 - 5.000"
""
"INSTRUCTOR(S)","TYPE","DAYS","TIME","BUILD","ROOM"
"","Variable","","","",""
""
"SEAT","SID","SURNAME","PREFNAME","LEVEL","UNITS","CLASS","MAJOR","GRADE","STATUS","EMAIL"
""
"CID","TERM","SUBJ","CRSE","SEC","UNITS"
"59627","200706","ABC","114","2","1.000 - 5.000"
""
"INSTRUCTOR(S)","TYPE","DAYS","TIME","BUILD","ROOM"
"Perry, Katherine V.","Variable","","","",""
""
"SEAT","SID","SURNAME","PREFNAME","LEVEL","UNITS","CLASS","MAJOR","GRADE","STATUS","EMAIL"
""
"CID","TERM","SUBJ","CRSE","SEC","UNITS"
"46613","200706","ABC","251","0","1"
""
"INSTRUCTOR(S)","TYPE","DAYS","TIME","BUILD","ROOM"
"","Discussion","","","",""
""
"SEAT","SID","SURNAME","PREFNAME","LEVEL","UNITS","CLASS","MAJOR","GRADE","STATUS","EMAIL"
""
"CID","TERM","SUBJ","CRSE","SEC","UNITS"
"68795","200706","ABC","251","1","1"
""
"INSTRUCTOR(S)","TYPE","DAYS","TIME","BUILD","ROOM"
"","Discussion","","","",""
""
"SEAT","SID","SURNAME","PREFNAME","LEVEL","UNITS","CLASS","MAJOR","GRADE","STATUS","EMAIL"
""
"CID","TERM","SUBJ","CRSE","SEC","UNITS"
"86010","200706","ABC","251","2","1"
""
"INSTRUCTOR(S)","TYPE","DAYS","TIME","BUILD","ROOM"
"Perry, Katherine V.","Discussion","","","",""
""
"SEAT","SID","SURNAME","PREFNAME","LEVEL","UNITS","CLASS","MAJOR","GRADE","STATUS","EMAIL"
""
"CID","TERM","SUBJ","CRSE","SEC","UNITS"
"96691","200706","ABC","251","29","1"
""
"INSTRUCTOR(S)","TYPE","DAYS","TIME","BUILD","ROOM"
"","Discussion","","","",""
""
"SEAT","SID","SURNAME","PREFNAME","LEVEL","UNITS","CLASS","MAJOR","GRADE","STATUS","EMAIL"
""
"CID","TERM","SUBJ","CRSE","SEC","UNITS"
"43386","200706","ABC","253","0","1.000 - 5.000"
""
"INSTRUCTOR(S)","TYPE","DAYS","TIME","BUILD","ROOM"
"","Internship","","","",""
""
"SEAT","SID","SURNAME","PREFNAME","LEVEL","UNITS","CLASS","MAJOR","GRADE","STATUS","EMAIL"
""
"CID","TERM","SUBJ","CRSE","SEC","UNITS"
"28660","200706","ABC","253","1","1.000 - 5.000"
""
"INSTRUCTOR(S)","TYPE","DAYS","TIME","BUILD","ROOM"
"","Internship","","","",""
""
"SEAT","SID","SURNAME","PREFNAME","LEVEL","UNITS","CLASS","MAJOR","GRADE","STATUS","EMAIL"
""
"CID","TERM","SUBJ","CRSE","SEC","UNITS"
"26474","200706","ABC","253","2","1.000 - 5.000"
""
"INSTRUCTOR(S)","TYPE","DAYS","TIME","BUILD","ROOM"
"Perry, Katherine V.","Internship","","","",""
""
"SEAT","SID","SURNAME","PREFNAME","LEVEL","UNITS","CLASS","MAJOR","GRADE","STATUS","EMAIL"
""
"CID","TERM","SUBJ","CRSE","SEC","UNITS"
"89933","200706","ABC","256","0","1.000 - 5.000"
""
"INSTRUCTOR(S)","TYPE","DAYS","TIME","BUILD","ROOM"
"","Variable","","","",""
""
"SEAT","SID","SURNAME","PREFNAME","LEVEL","UNITS","CLASS","MAJOR","GRADE","STATUS","EMAIL"
""
"CID","TERM","SUBJ","CRSE","SEC","UNITS"
"70781","200706","ABC","256","1","1.000 - 5.000"
""
"INSTRUCTOR(S)","TYPE","DAYS","TIME","BUILD","ROOM"
"","Variable","","","",""
""
"SEAT","SID","SURNAME","PREFNAME","LEVEL","UNITS","CLASS","MAJOR","GRADE","STATUS","EMAIL"
""
"CID","TERM","SUBJ","CRSE","SEC","UNITS"
"34560","200706","ABC","256","2","1.000 - 5.000"
""
"INSTRUCTOR(S)","TYPE","DAYS","TIME","BUILD","ROOM"
"Perry, Katherine V.","Variable","","","",""
""
"SEAT","SID","SURNAME","PREFNAME","LEVEL","UNITS","CLASS","MAJOR","GRADE","STATUS","EMAIL"
""
"CID","TERM","SUBJ","CRSE","SEC","UNITS"
"52772","200706","ABC","261","0","1.000 - 5.000"
""
"INSTRUCTOR(S)","TYPE","DAYS","TIME","BUILD","ROOM"
"","Variable","","","",""
""
"SEAT","SID","SURNAME","PREFNAME","LEVEL","UNITS","CLASS","MAJOR","GRADE","STATUS","EMAIL"
""
"CID","TERM","SUBJ","CRSE","SEC","UNITS"
"24146","200706","ABC","261","1","1.000 - 5.000"
""
"INSTRUCTOR(S)","TYPE","DAYS","TIME","BUILD","ROOM"
"","Variable","","","",""
""
"SEAT","SID","SURNAME","PREFNAME","LEVEL","UNITS","CLASS","MAJOR","GRADE","STATUS","EMAIL"
"1","726451871","Howard","Layla","UG","2","SR","ABC2","P","RE","layla.d.howard@fakeu.edu"
""
"CID","TERM","SUBJ","CRSE","SEC","UNITS"
"16768","200706","ABC","261","2","1.000 - 5.000"
""
"INSTRUCTOR(S)","TYPE","DAYS","TIME","BUILD","ROOM"
"Perry, Katherine V.","Variable","","","",""
""
"SEAT","SID","SURNAME","PREFNAME","LEVEL","UNITS","CLASS","MAJOR","GRADE","STATUS","EMAIL"
""
"CID","TERM","SUBJ","CRSE","SEC","UNITS"
"53570","200706","ABC","261","29","1.000 - 5.000"
""
"INSTRUCTOR(S)","TYPE","DAYS","TIME","BUILD","ROOM"
"","Variable","","","",""
""
"SEAT","SID","SURNAME","PREFNAME","LEVEL","UNITS","CLASS","MAJOR","GRADE","STATUS","EMAIL"
""
"CID","TERM","SUBJ","CRSE","SEC","UNITS"
"78035","200706","ABC","371","0","1"
""
"INSTRUCTOR(S)","TYPE","DAYS","TIME","BUILD","ROOM"
"","Discussion","","","",""
""
"SEAT","SID","SURNAME","PREFNAME","LEVEL","UNITS","CLASS","MAJOR","GRADE","STATUS","EMAIL"
""
"CID","TERM","SUBJ","CRSE","SEC","UNITS"
"17559","200706","ABC","371","1","1"
""
"INSTRUCTOR(S)","TYPE","DAYS","TIME","BUILD","ROOM"
"","Discussion","","","",""
""
"SEAT","SID","SURNAME","PREFNAME","LEVEL","UNITS","CLASS","MAJOR","GRADE","STATUS","EMAIL"
""
"CID","TERM","SUBJ","CRSE","SEC","UNITS"
"72929","200706","ABC","371","2","1"
""
"INSTRUCTOR(S)","TYPE","DAYS","TIME","BUILD","ROOM"
"Perry, Katherine V.","Discussion","","","",""
""
"SEAT","SID","SURNAME","PREFNAME","LEVEL","UNITS","CLASS","MAJOR","GRADE","STATUS","EMAIL"
""
"CID","TERM","SUBJ","CRSE","SEC","UNITS"
"36981","200706","ABC","371","17","1"
""
"INSTRUCTOR(S)","TYPE","DAYS","TIME","BUILD","ROOM"
"Rutledge, Ashley B.","Discussion","","","",""
""
"SEAT","SID","SURNAME","PREFNAME","LEVEL","UNITS","CLASS","MAJOR","GRADE","STATUS","EMAIL"
""
"CID","TERM","SUBJ","CRSE","SEC","UNITS"
"68567","200706","ABC","371","23","1"
""
"INSTRUCTOR(S)","TYPE","DAYS","TIME","BUILD","ROOM"
"Donaldson, Matthew C.","Discussion","","","",""
""
"SEAT","SID","SURNAME","PREFNAME","LEVEL","UNITS","CLASS","MAJOR","GRADE","STATUS","EMAIL"
""
"CID","TERM","SUBJ","CRSE","SEC","UNITS"
"90286","200706","ABC","371","30","1"
""
"INSTRUCTOR(S)","TYPE","DAYS","TIME","BUILD","ROOM"
"","Discussion","","","",""
""
"SEAT","SID","SURNAME","PREFNAME","LEVEL","UNITS","CLASS","MAJOR","GRADE","STATUS","EMAIL"
""
"CID","TERM","SUBJ","CRSE","SEC","UNITS"
"76279","200706","ABC","371","34","1"
""
"INSTRUCTOR(S)","TYPE","DAYS","TIME","BUILD","ROOM"
"","Discussion","","","",""
""
"SEAT","SID","SURNAME","PREFNAME","LEVEL","UNITS","CLASS","MAJOR","GRADE","STATUS","EMAIL"
""
"CID","TERM","SUBJ","CRSE","SEC","UNITS"
"17388","200706","ABC","375","0","1.000 - 5.000"
""
"INSTRUCTOR(S)","TYPE","DAYS","TIME","BUILD","ROOM"
"","Variable","","","",""
""
"SEAT","SID","SURNAME","PREFNAME","LEVEL","UNITS","CLASS","MAJOR","GRADE","STATUS","EMAIL"
""
"CID","TERM","SUBJ","CRSE","SEC","UNITS"
"17321","200706","ABC","375","1","1.000 - 5.000"
""
"INSTRUCTOR(S)","TYPE","DAYS","TIME","BUILD","ROOM"
"","Variable","","","",""
""
"SEAT","SID","SURNAME","PREFNAME","LEVEL","UNITS","CLASS","MAJOR","GRADE","STATUS","EMAIL"
""
"CID","TERM","SUBJ","CRSE","SEC","UNITS"
"52219","200706","ABC","375","2","1.000 - 5.000"
""
"INSTRUCTOR(S)","TYPE","DAYS","TIME","BUILD","ROOM"
"Perry, Katherine V.","Variable","","","",""
""
"SEAT","SID","SURNAME","PREFNAME","LEVEL","UNITS","CLASS","MAJOR","GRADE","STATUS","EMAIL"
""
"CID","TERM","SUBJ","CRSE","SEC","UNITS"
"52572","200706","ABC","376","0","1.000 - 12.000"
""
"INSTRUCTOR(S)","TYPE","DAYS","TIME","BUILD","ROOM"
"","Variable","","","",""
""
"SEAT","SID","SURNAME","PREFNAME","LEVEL","UNITS","CLASS","MAJOR","GRADE","STATUS","EMAIL"
""
"CID","TERM","SUBJ","CRSE","SEC","UNITS"
"87685","200706","ABC","376","1","1.000 - 12.000"
""
"INSTRUCTOR(S)","TYPE","DAYS","TIME","BUILD","ROOM"
"Green, Isabella M.","Variable","","","",""
""
"SEAT","SID","SURNAME","PREFNAME","LEVEL","UNITS","CLASS","MAJOR","GRADE","STATUS","EMAIL"
"1","846855162","Livingston","Julian","GR","1","GM","ABCG","S","RE","julian.b.livingston@fakeu.edu"
"2","169141145","Wilson","Alex","GR","1","GM","ABCG","S","RE","alex.o.wilson@fakeu.edu"
"3","307778488","Jenkins","David","GR","1","GM","ABCG","S","RE","david.a.jenkins@fakeu.edu"
"4","194554861","Jackson","Oliver","GR","1","D2","ABCG","S","RE","oliver.s.jackson@fakeu.edu"
"5","521618666","Martinez","Dylan","GR","1","D1","ABCG","S","RE","dylan.s.martinez1@fakeu.edu"
"6","952000604","Johnson","Emma","GR","1","D2","ABCG","S","RE","emma.a.johnson@fakeu.edu"
""
"CID","TERM","SUBJ","CRSE","SEC","UNITS"
"47936","200706","ABC","376","2","1.000 - 12.000"
""
"INSTRUCTOR(S)","TYPE","DAYS","TIME","BUILD","ROOM"
"Perry, Katherine V.","Variable","","","",""
""
"SEAT","SID","SURNAME","PREFNAME","LEVEL","UNITS","CLASS","MAJOR","GRADE","STATUS","EMAIL"
""
"CID","TERM","SUBJ","CRSE","SEC","UNITS"
"66059","200706","ABC","376","10","1.000 - 12.000"
""
"INSTRUCTOR(S)","TYPE","DAYS","TIME","BUILD","ROOM"
"Johnson, Abigail N.","Variable","","","",""
""
"SEAT","SID","SURNAME","PREFNAME","LEVEL","UNITS","CLASS","MAJOR","GRADE","STATUS","EMAIL"
"1","253184617","Stuart","Olivia","GR","1","D2","ABCG","NG","RE","olivia.g.stuart@fakeu.edu"
"2","855123553","Hart","Jeremiah","GR","1","D2","ABCG","NG","RE","jeremiah.a.hart@fakeu.edu"
""
"CID","TERM","SUBJ","CRSE","SEC","UNITS"
"99354","200706","ABC","376","13","1.000 - 12.000"
""
"INSTRUCTOR(S)","TYPE","DAYS","TIME","BUILD","ROOM"
"Snyder, Samantha R.","Variable","","","",""
""
"SEAT","SID","SURNAME","PREFNAME","LEVEL","UNITS","CLASS","MAJOR","GRADE","STATUS","EMAIL"
""
"CID","TERM","SUBJ","CRSE","SEC","UNITS"
"18244","200706","ABC","376","17","1.000 - 12.000"
""
"INSTRUCTOR(S)","TYPE","DAYS","TIME","BUILD","ROOM"
"Rutledge, Ashley B.","Variable","","","",""
""
"SEAT","SID","SURNAME","PREFNAME","LEVEL","UNITS","CLASS","MAJOR","GRADE","STATUS","EMAIL"
""
"CID","TERM","SUBJ","CRSE","SEC","UNITS"
"44139","200706","ABC","376","20","1.000 - 12.000"
""
"INSTRUCTOR(S)","TYPE","DAYS","TIME","BUILD","ROOM"
"Green, Isabella M.","Variable","","","",""
""
"SEAT","SID","SURNAME","PREFNAME","LEVEL","UNITS","CLASS","MAJOR","GRADE","STATUS","EMAIL"
""
"CID","TERM","SUBJ","CRSE","SEC","UNITS"
"24197","200706","ABC","376","23","1.000 - 12.000"
""
"INSTRUCTOR(S)","TYPE","DAYS","TIME","BUILD","ROOM"
"Donaldson, Matthew C.","Variable","","","",""
""
"SEAT","SID","SURNAME","PREFNAME","LEVEL","UNITS","CLASS","MAJOR","GRADE","STATUS","EMAIL"
""
"CID","TERM","SUBJ","CRSE","SEC","UNITS"
"85901","200706","ABC","376","33","1.000 - 12.000"
""
"INSTRUCTOR(S)","TYPE","DAYS","TIME","BUILD","ROOM"
"","Variable","","","",""
""
"SEAT","SID","SURNAME","PREFNAME","LEVEL","UNITS","CLASS","MAJOR","GRADE","STATUS","EMAIL"
""
"CID","TERM","SUBJ","CRSE","SEC","UNITS"
"60757","200706","ABC","378","0","1"
""
"INSTRUCTOR(S)","TYPE","DAYS","TIME","BUILD","ROOM"
"","Discussion","","","",""
""
"SEAT","SID","SURNAME","PREFNAME","LEVEL","UNITS","CLASS","MAJOR","GRADE","STATUS","EMAIL"
""
"CID","TERM","SUBJ","CRSE","SEC","UNITS"
"49763","200706","ABC","378","1","1"
""
"INSTRUCTOR(S)","TYPE","DAYS","TIME","BUILD","ROOM"
"","Discussion","","","",""
""
"SEAT","SID","SURNAME","PREFNAME","LEVEL","UNITS","CLASS","MAJOR","GRADE","STATUS","EMAIL"
""
"CID","TERM","SUBJ","CRSE","SEC","UNITS"
"56187","200706","ABC","378","2","1"
""
"INSTRUCTOR(S)","TYPE","DAYS","TIME","BUILD","ROOM"
"Perry, Katherine V.","Discussion","","","",""
""
"SEAT","SID","SURNAME","PREFNAME","LEVEL","UNITS","CLASS","MAJOR","GRADE","STATUS","EMAIL"
""
"CID","TERM","SUBJ","CRSE","SEC","UNITS"
"86599","200706","ABC","379","0","1.000 - 4.000"
""
"INSTRUCTOR(S)","TYPE","DAYS","TIME","BUILD","ROOM"
"","Variable","","","",""
""
"SEAT","SID","SURNAME","PREFNAME","LEVEL","UNITS","CLASS","MAJOR","GRADE","STATUS","EMAIL"
""
"CID","TERM","SUBJ","CRSE","SEC","UNITS"
"40207","200706","ABC","379","1","1.000 - 4.000"
""
"INSTRUCTOR(S)","TYPE","DAYS","TIME","BUILD","ROOM"
"","Variable","","","",""
""
"SEAT","SID","SURNAME","PREFNAME","LEVEL","UNITS","CLASS","MAJOR","GRADE","STATUS","EMAIL"
""
"CID","TERM","SUBJ","CRSE","SEC","UNITS"
"88369","200706","ABC","379","2","1.000 - 4.000"
""
"INSTRUCTOR(S)","TYPE","DAYS","TIME","BUILD","ROOM"
"Perry, Katherine V.","Variable","","","",""
""
"SEAT","SID","SURNAME","PREFNAME","LEVEL","UNITS","CLASS","MAJOR","GRADE","STATUS","EMAIL"
""
"CID","TERM","SUBJ","CRSE","SEC","UNITS"
"61164","200706","ABC","101","21","4"
""
"INSTRUCTOR(S)","TYPE","DAYS","TIME","BUILD","ROOM"
"Carpenter, Grace S.","Lecture","MWF","11:00 AM - 12:40 PM","LH5","11"
"","Discussion","MWF","12:41 PM - 1:15 PM","LH5","11"
""
"SEAT","SID","SURNAME","PREFNAME","LEVEL","UNITS","CLASS","MAJOR","GRADE","STATUS","EMAIL"
"1","237353677","Wells","Andrea","UG","4","SR","O244","A-","RE","andrea.g.wells@fakeu.edu"
"2","871726219","Curry","Michael","UG","4","JR","OTH5","B-","RE","michael.i.curry@fakeu.edu"
"3","295404257","England","Matthew","UG","4","SO","O262","B","RE","matthew.l.england@fakeu.edu"
"4","479303443","Rose","Angelina","UG","4","SR","OT13","A","RE","angelina.j.rose@fakeu.edu"
"5","589457470","Williams","Isabella","UG","4","SO","O238","A+","RE","isabella.o.williams@fakeu.edu"
"6","795097506","Williams","Gavin","UG","4","SO","O216","C","RE","gavin.i.williams@fakeu.edu"
"7","268043294","Rodriguez","Nicole","UG","4","JR","O239","A","RE","nicole.f.rodriguez@fakeu.edu"
"8","844980857","Brown","Melissa","UG","4","SO","OT26","F","RE","melissa.e.brown@fakeu.edu"
"9","375412534","Mcdonald","Liam","UG","4","JR","O117","B","RE","liam.e.mcdonald@fakeu.edu"
"10","858567664","Stone","Sophia","UG","4","FR","O216","A","RE","sophia.g.stone@fakeu.edu"
"11","871337394","Miller","Aaron","UG","4","FR","O160","A","RE","aaron.x.miller@fakeu.edu"
"12","925574022","Blevins","Amelia","UG","4","JR","OT21","A+","RE","amelia.c.blevins@fakeu.edu"
"13","158261799","Collins","Angel","UG","4","SR","O216","B","RE","angel.c.collins@fakeu.edu"
"14","440213228","Clark","Gabriel","UG","4","SO","DEF1","A","RE","gabriel.c.clark@fakeu.edu"
""
"CID","TERM","SUBJ","CRSE","SEC","UNITS"
"86391","200706","ABC","112","0","1.000 - 5.000"
""
"INSTRUCTOR(S)","TYPE","DAYS","TIME","BUILD","ROOM"
"","Internship","","","",""
""
"SEAT","SID","SURNAME","PREFNAME","LEVEL","UNITS","CLASS","MAJOR","GRADE","STATUS","EMAIL"
""
"CID","TERM","SUBJ","CRSE","SEC","UNITS"
"62508","200706","ABC","112","1","1.000 - 5.000"
""
"INSTRUCTOR(S)","TYPE","DAYS","TIME","BUILD","ROOM"
"","Internship","","","",""
""
"SEAT","SID","SURNAME","PREFNAME","LEVEL","UNITS","CLASS","MAJOR","GRADE","STATUS","EMAIL"
""
"CID","TERM","SUBJ","CRSE","SEC","UNITS"
"43025","200706","ABC","112","2","1.000 - 5.000"
""
"INSTRUCTOR(S)","TYPE","DAYS","TIME","BUILD","ROOM"
"Perry, Katherine V.","Internship","","","",""
""
"SEAT","SID","SURNAME","PREFNAME","LEVEL","UNITS","CLASS","MAJOR","GRADE","STATUS","EMAIL"
""
"CID","TERM","SUBJ","CRSE","SEC","UNITS"
"83697","200706","ABC","113","0","1.000 - 5.000"
""
"INSTRUCTOR(S)","TYPE","DAYS","TIME","BUILD","ROOM"
"","Variable","","","",""
""
"SEAT","SID","SURNAME","PREFNAME","LEVEL","UNITS","CLASS","MAJOR","GRADE","STATUS","EMAIL"
""
"CID","TERM","SUBJ","CRSE","SEC","UNITS"
"78322","200706","ABC","113","1","1.000 - 5.000"
""
"INSTRUCTOR(S)","TYPE","DAYS","TIME","BUILD","ROOM"
"","Variable","","","",""
""
"SEAT","SID","SURNAME","PREFNAME","LEVEL","UNITS","CLASS","MAJOR","GRADE","STATUS","EMAIL"
""
"CID","TERM","SUBJ","CRSE","SEC","UNITS"
"12498","200706","ABC","113","2","1.000 - 5.000"
""
"INSTRUCTOR(S)","TYPE","DAYS","TIME","BUILD","ROOM"
"Perry, Katherine V.","Variable","","","",""
""
"SEAT","SID","SURNAME","PREFNAME","LEVEL","UNITS","CLASS","MAJOR","GRADE","STATUS","EMAIL"
""
"CID","TERM","SUBJ","CRSE","SEC","UNITS"
"44025","200706","ABC","114","0","1.000 - 5.000"
""
"INSTRUCTOR(S)","TYPE","DAYS","TIME","BUILD","ROOM"
"","Variable","","","",""
""
"SEAT","SID","SURNAME","PREFNAME","LEVEL","UNITS","CLASS","MAJOR","GRADE","STATUS","EMAIL"
""
"CID","TERM","SUBJ","CRSE","SEC","UNITS"
"46587","200706","ABC","114","1","1.000 - 5.000"
""
"INSTRUCTOR(S)","TYPE","DAYS","TIME","BUILD","ROOM"
"","Variable","","","",""
""
"SEAT","SID","SURNAME","PREFNAME","LEVEL","UNITS","CLASS","MAJOR","GRADE","STATUS","EMAIL"
""
"CID","TERM","SUBJ","CRSE","SEC","UNITS"
"95191","200706","ABC","114","2","1.000 - 5.000"
""
"INSTRUCTOR(S)","TYPE","DAYS","TIME","BUILD","ROOM"
"Perry, Katherine V.","Variable","","","",""
""
"SEAT","SID","SURNAME","PREFNAME","LEVEL","UNITS","CLASS","MAJOR","GRADE","STATUS","EMAIL"
""
"CID","TERM","SUBJ","CRSE","SEC","UNITS"
"73593","200706","ABC","251","0","1"
""
"INSTRUCTOR(S)","TYPE","DAYS","TIME","BUILD","ROOM"
"","Discussion","","","",""
""
"SEAT","SID","SURNAME","PREFNAME","LEVEL","UNITS","CLASS","MAJOR","GRADE","STATUS","EMAIL"
""
"CID","TERM","SUBJ","CRSE","SEC","UNITS"
"27881","200706","ABC","251","1","1"
""
"INSTRUCTOR(S)","TYPE","DAYS","TIME","BUILD","ROOM"
"","Discussion","","","",""
""
"SEAT","SID","SURNAME","PREFNAME","LEVEL","UNITS","CLASS","MAJOR","GRADE","STATUS","EMAIL"
""
"CID","TERM","SUBJ","CRSE","SEC","UNITS"
"77431","200706","ABC","251","2","1"
""
"INSTRUCTOR(S)","TYPE","DAYS","TIME","BUILD","ROOM"
"Perry, Katherine V.","Discussion","","","",""
""
"SEAT","SID","SURNAME","PREFNAME","LEVEL","UNITS","CLASS","MAJOR","GRADE","STATUS","EMAIL"
""
"CID","TERM","SUBJ","CRSE","SEC","UNITS"
"81760","200706","ABC","253","0","1.000 - 5.000"
""
"INSTRUCTOR(S)","TYPE","DAYS","TIME","BUILD","ROOM"
"","Internship","","","",""
""
"SEAT","SID","SURNAME","PREFNAME","LEVEL","UNITS","CLASS","MAJOR","GRADE","STATUS","EMAIL"
""
"CID","TERM","SUBJ","CRSE","SEC","UNITS"
"19305","200706","ABC","253","1","1.000 - 5.000"
""
"INSTRUCTOR(S)","TYPE","DAYS","TIME","BUILD","ROOM"
"","Internship","","","",""
""
"SEAT","SID","SURNAME","PREFNAME","LEVEL","UNITS","CLASS","MAJOR","GRADE","STATUS","EMAIL"
""
"CID","TERM","SUBJ","CRSE","SEC","UNITS"
"48616","200706","ABC","253","2","1.000 - 5.000"
""
"INSTRUCTOR(S)","TYPE","DAYS","TIME","BUILD","ROOM"
"Perry, Katherine V.","Internship","","","",""
""
"SEAT","SID","SURNAME","PREFNAME","LEVEL","UNITS","CLASS","MAJOR","GRADE","STATUS","EMAIL"
""
"CID","TERM","SUBJ","CRSE","SEC","UNITS"
"43441","200706","ABC","256","0","1.000 - 5.000"
""
"INSTRUCTOR(S)","TYPE","DAYS","TIME","BUILD","ROOM"
"","Variable","","","",""
""
"SEAT","SID","SURNAME","PREFNAME","LEVEL","UNITS","CLASS","MAJOR","GRADE","STATUS","EMAIL"
""
"CID","TERM","SUBJ","CRSE","SEC","UNITS"
"52409","200706","ABC","256","1","1.000 - 5.000"
""
"INSTRUCTOR(S)","TYPE","DAYS","TIME","BUILD","ROOM"
"","Variable","","","",""
""
"SEAT","SID","SURNAME","PREFNAME","LEVEL","UNITS","CLASS","MAJOR","GRADE","STATUS","EMAIL"
""
"CID","TERM","SUBJ","CRSE","SEC","UNITS"
"59173","200706","ABC","256","2","1.000 - 5.000"
""
"INSTRUCTOR(S)","TYPE","DAYS","TIME","BUILD","ROOM"
"Perry, Katherine V.","Variable","","","",""
""
"SEAT","SID","SURNAME","PREFNAME","LEVEL","UNITS","CLASS","MAJOR","GRADE","STATUS","EMAIL"
""
"CID","TERM","SUBJ","CRSE","SEC","UNITS"
"88988","200706","ABC","261","0","1.000 - 5.000"
""
"INSTRUCTOR(S)","TYPE","DAYS","TIME","BUILD","ROOM"
"","Variable","","","",""
""
"SEAT","SID","SURNAME","PREFNAME","LEVEL","UNITS","CLASS","MAJOR","GRADE","STATUS","EMAIL"
""
"CID","TERM","SUBJ","CRSE","SEC","UNITS"
"70505","200706","ABC","261","1","1.000 - 5.000"
""
"INSTRUCTOR(S)","TYPE","DAYS","TIME","BUILD","ROOM"
"","Variable","","","",""
""
"SEAT","SID","SURNAME","PREFNAME","LEVEL","UNITS","CLASS","MAJOR","GRADE","STATUS","EMAIL"
"1","617548078","Jackson","Jordan","UG","4","SR","OTH7","P","RE","jordan.l.jackson@fakeu.edu"
""
"CID","TERM","SUBJ","CRSE","SEC","UNITS"
"93748","200706","ABC","261","2","1.000 - 5.000"
""
"INSTRUCTOR(S)","TYPE","DAYS","TIME","BUILD","ROOM"
"Perry, Katherine V.","Variable","","","",""
""
"SEAT","SID","SURNAME","PREFNAME","LEVEL","UNITS","CLASS","MAJOR","GRADE","STATUS","EMAIL"
""
"CID","TERM","SUBJ","CRSE","SEC","UNITS"
"61603","200706","ABC","371","0","1"
""
"INSTRUCTOR(S)","TYPE","DAYS","TIME","BUILD","ROOM"
"","Discussion","","","",""
""
"SEAT","SID","SURNAME","PREFNAME","LEVEL","UNITS","CLASS","MAJOR","GRADE","STATUS","EMAIL"
""
"CID","TERM","SUBJ","CRSE","SEC","UNITS"
"49334","200706","ABC","371","1","1"
""
"INSTRUCTOR(S)","TYPE","DAYS","TIME","BUILD","ROOM"
"","Discussion","","","",""
""
"SEAT","SID","SURNAME","PREFNAME","LEVEL","UNITS","CLASS","MAJOR","GRADE","STATUS","EMAIL"
""
"CID","TERM","SUBJ","CRSE","SEC","UNITS"
"94533","200706","ABC","371","2","1"
""
"INSTRUCTOR(S)","TYPE","DAYS","TIME","BUILD","ROOM"
"Perry, Katherine V.","Discussion","","","",""
""
"SEAT","SID","SURNAME","PREFNAME","LEVEL","UNITS","CLASS","MAJOR","GRADE","STATUS","EMAIL"
""
"CID","TERM","SUBJ","CRSE","SEC","UNITS"
"78778","200706","ABC","375","0","1.000 - 5.000"
""
"INSTRUCTOR(S)","TYPE","DAYS","TIME","BUILD","ROOM"
"","Variable","","","",""
""
"SEAT","SID","SURNAME","PREFNAME","LEVEL","UNITS","CLASS","MAJOR","GRADE","STATUS","EMAIL"
""
"CID","TERM","SUBJ","CRSE","SEC","UNITS"
"48436","200706","ABC","375","1","1.000 - 5.000"
""
"INSTRUCTOR(S)","TYPE","DAYS","TIME","BUILD","ROOM"
"","Variable","","","",""
""
"SEAT","SID","SURNAME","PREFNAME","LEVEL","UNITS","CLASS","MAJOR","GRADE","STATUS","EMAIL"
""
"CID","TERM","SUBJ","CRSE","SEC","UNITS"
"17593","200706","ABC","375","2","1.000 - 5.000"
""
"INSTRUCTOR(S)","TYPE","DAYS","TIME","BUILD","ROOM"
"Perry, Katherine V.","Variable","","","",""
""
"SEAT","SID","SURNAME","PREFNAME","LEVEL","UNITS","CLASS","MAJOR","GRADE","STATUS","EMAIL"
""
"CID","TERM","SUBJ","CRSE","SEC","UNITS"
"48329","200706","ABC","376","0","1.000 - 12.000"
""
"INSTRUCTOR(S)","TYPE","DAYS","TIME","BUILD","ROOM"
"","Variable","","","",""
""
"SEAT","SID","SURNAME","PREFNAME","LEVEL","UNITS","CLASS","MAJOR","GRADE","STATUS","EMAIL"
""
"CID","TERM","SUBJ","CRSE","SEC","UNITS"
"37886","200706","ABC","376","1","1.000 - 12.000"
""
"INSTRUCTOR(S)","TYPE","DAYS","TIME","BUILD","ROOM"
"Green, Isabella M.","Variable","","","",""
""
"SEAT","SID","SURNAME","PREFNAME","LEVEL","UNITS","CLASS","MAJOR","GRADE","STATUS","EMAIL"
"1","846855162","Livingston","Julian","GR","1","GM","ABCG","S","RE","julian.b.livingston@fakeu.edu"
"2","971301660","Allen","Zachary","GR","1","D1","ABCG","S","RE","zachary.l.allen@fakeu.edu"
"3","344162707","Scott","Samantha","GR","1","GM","ABCG","S","RE","samantha.a.scott@fakeu.edu"
"4","458488865","Rose","Eli","GR","1","D2","ABCG","S","RE","eli.h.rose@fakeu.edu"
"5","895782026","Morrison","Hailey","GR","2","D1","ABCG","S","RE","hailey.e.morrison@fakeu.edu"
"6","581826933","Smith","Jordan","GR","1","D2","ABCG","S","RE","jordan.z.smith@fakeu.edu"
"7","219506158","King","Aaron","GR","1","D1","ABCG","S","RE","aaron.a.king@fakeu.edu"
"8","551024130","Miller","Jesus","GR","1","D2","ABCG","S","RE","jesus.l.miller@fakeu.edu"
"9","831120222","Barber","Jacob","GR","1","D2","ABCG","S","RE","jacob.e.barber@fakeu.edu"
""
"CID","TERM","SUBJ","CRSE","SEC","UNITS"
"55678","200706","ABC","376","2","1.000 - 12.000"
""
"INSTRUCTOR(S)","TYPE","DAYS","TIME","BUILD","ROOM"
"Perry, Katherine V.","Variable","","","",""
""
"SEAT","SID","SURNAME","PREFNAME","LEVEL","UNITS","CLASS","MAJOR","GRADE","STATUS","EMAIL"
""
"CID","TERM","SUBJ","CRSE","SEC","UNITS"
"38439","200706","ABC","378","0","1"
""
"INSTRUCTOR(S)","TYPE","DAYS","TIME","BUILD","ROOM"
"","Discussion","","","",""
""
"SEAT","SID","SURNAME","PREFNAME","LEVEL","UNITS","CLASS","MAJOR","GRADE","STATUS","EMAIL"
""
"CID","TERM","SUBJ","CRSE","SEC","UNITS"
"12054","200706","ABC","378","1","1"
""
"INSTRUCTOR(S)","TYPE","DAYS","TIME","BUILD","ROOM"
"","Discussion","","","",""
""
"SEAT","SID","SURNAME","PREFNAME","LEVEL","UNITS","CLASS","MAJOR","GRADE","STATUS","EMAIL"
""
"CID","TERM","SUBJ","CRSE","SEC","UNITS"
"34928","200706","ABC","378","2","1"
""
"INSTRUCTOR(S)","TYPE","DAYS","TIME","BUILD","ROOM"
"Perry, Katherine V.","Discussion","","","",""
""
"SEAT","SID","SURNAME","PREFNAME","LEVEL","UNITS","CLASS","MAJOR","GRADE","STATUS","EMAIL"
""
"CID","TERM","SUBJ","CRSE","SEC","UNITS"
"44333","200706","ABC","379","0","1.000 - 4.000"
""
"INSTRUCTOR(S)","TYPE","DAYS","TIME","BUILD","ROOM"
"","Variable","","","",""
""
"SEAT","SID","SURNAME","PREFNAME","LEVEL","UNITS","CLASS","MAJOR","GRADE","STATUS","EMAIL"
""
"CID","TERM","SUBJ","CRSE","SEC","UNITS"
"17524","200706","ABC","379","1","1.000 - 4.000"
""
"INSTRUCTOR(S)","TYPE","DAYS","TIME","BUILD","ROOM"
"","Variable","","","",""
""
"SEAT","SID","SURNAME","PREFNAME","LEVEL","UNITS","CLASS","MAJOR","GRADE","STATUS","EMAIL"
""
"CID","TERM","SUBJ","CRSE","SEC","UNITS"
"36114","200706","ABC","379","2","1.000 - 4.000"
""
"INSTRUCTOR(S)","TYPE","DAYS","TIME","BUILD","ROOM"
"Perry, Katherine V.","Variable","","","",""
""
"SEAT","SID","SURNAME","PREFNAME","LEVEL","UNITS","CLASS","MAJOR","GRADE","STATUS","EMAIL"
""
"CID","TERM","SUBJ","CRSE","SEC","UNITS"
"15846","200706","DEF","106","1","1"
""
"INSTRUCTOR(S)","TYPE","DAYS","TIME","BUILD","ROOM"
"Mcdaniel, Elijah I.","Discussion","","","",""
""
"SEAT","SID","SURNAME","PREFNAME","LEVEL","UNITS","CLASS","MAJOR","GRADE","STATUS","EMAIL"
""
"CID","TERM","SUBJ","CRSE","SEC","UNITS"
"68863","200706","DEF","108","4","1.000 - 5.000"
""
"INSTRUCTOR(S)","TYPE","DAYS","TIME","BUILD","ROOM"
"","Internship","","","",""
""
"SEAT","SID","SURNAME","PREFNAME","LEVEL","UNITS","CLASS","MAJOR","GRADE","STATUS","EMAIL"
""
"CID","TERM","SUBJ","CRSE","SEC","UNITS"
"79588","200706","DEF","110","0","1.000 - 5.000"
""
"INSTRUCTOR(S)","TYPE","DAYS","TIME","BUILD","ROOM"
"","Variable","","","",""
""
"SEAT","SID","SURNAME","PREFNAME","LEVEL","UNITS","CLASS","MAJOR","GRADE","STATUS","EMAIL"
""
"CID","TERM","SUBJ","CRSE","SEC","UNITS"
"70239","200706","DEF","110","1","1.000 - 5.000"
""
"INSTRUCTOR(S)","TYPE","DAYS","TIME","BUILD","ROOM"
"Mcdaniel, Elijah I.","Variable","","","",""
""
"SEAT","SID","SURNAME","PREFNAME","LEVEL","UNITS","CLASS","MAJOR","GRADE","STATUS","EMAIL"
""
"CID","TERM","SUBJ","CRSE","SEC","UNITS"
"21881","200706","DEF","258","1","5"
""
"INSTRUCTOR(S)","TYPE","DAYS","TIME","BUILD","ROOM"
"Hodges, Jose I.","Lecture","MWF","8:00 AM - 9:40 AM","MB2","1016"
"","Laboratory","MWF","10:00 AM - 12:15 PM","MB4","2230"
"","Laboratory","","","MB4","2230"
""
"SEAT","SID","SURNAME","PREFNAME","LEVEL","UNITS","CLASS","MAJOR","GRADE","STATUS","EMAIL"
"1","675748306","White","Connor","UG","5","SR","ABC2","B+","RE","connor.s.white@fakeu.edu"
"2","537811532","Conner","Julian","U2","5","U2","ABC2","A","RE","julian.v.conner@fakeu.edu"
"3","442722486","Myers","Angel","UG","5","SR","DEF1","C-","RE","angel.a.myers@fakeu.edu"
"4","587306701","Mccoy","Hunter","UG","5","SR","OT64","C+","RE","hunter.d.mccoy@fakeu.edu"
"5","292464590","Coleman","Jayden","UG","5","SR","ABC2","B","RE","jayden.a.coleman1@fakeu.edu"
"6","394637235","Scott","Sebastian","UG","5","SR","DEF1","A-","RE","sebastian.e.scott@fakeu.edu"
"7","856451716","Hudson","Charlotte","UG","5","SR","ABC2","B-","RE","charlotte.s.hudson@fakeu.edu"
"8","337504434","Cobb","Jonathan","UG","5","SR","ABC2","C","RE","jonathan.g.cobb@fakeu.edu"
"9","833936714","Munoz","Daniel","UG","5","SR","ABC2","C+","RE","daniel.e.munoz@fakeu.edu"
"10","991351386","Higgins","Jayden","UG","5","JR","DEF1","C","RE","jayden.j.higgins@fakeu.edu"
"11","184064684","Hamilton","Jacob","UG","5","JR","DEF1","D+","RE","jacob.b.hamilton1@fakeu.edu"
"12","328982638","Johnson","Juan","UG","5","JR","DEF1","D-","RE","juan.g.johnson@fakeu.edu"
"13","249473819","Compton","Daisy","UG","5","JR","DEF1","D","RE","daisy.s.compton@fakeu.edu"
"14","189447260","Hatfield","Ximena","UG","5","JR","ABC1","B","RE","ximena.j.hatfield@fakeu.edu"
"15","928221683","Booker","Christian","UG","5","JR","DEF1","B-","RE","christian.c.booker@fakeu.edu"
"16","481283185","Baker","Angel","UG","5","JR","OT44","F","RE","angel.a.baker@fakeu.edu"
"17","930217466","Fisher","Olivia","UG","5","SR","ABC1","B-","RE","olivia.o.fisher@fakeu.edu"
""
"CID","TERM","SUBJ","CRSE","SEC","UNITS"
"23004","200706","DEF","258","2","5"
""
"INSTRUCTOR(S)","TYPE","DAYS","TIME","BUILD","ROOM"
"Hodges, Jose I.","Lecture","MWF","8:00 AM - 9:40 AM","MB2","1016"
"","Laboratory","MWF","1:10 PM - 3:25 PM","MB4","2230"
"","Laboratory","","","MB4","2230"
""
"SEAT","SID","SURNAME","PREFNAME","LEVEL","UNITS","CLASS","MAJOR","GRADE","STATUS","EMAIL"
"1","431870026","Sherman","Isaac","UG","5","SR","DEF1","C","RE","isaac.l.sherman@fakeu.edu"
"2","291543935","Adams","Xavier","UG","5","JR","DEF1","F","RE","xavier.g.adams@fakeu.edu"
"3","167089623","Maddox","Christopher","UG","5","JR","DEF1","D+","RE","christopher.o.maddox@fakeu.edu"
"4","348040576","Wolfe","Carlos","UG","5","SR","DEF2","C-","RE","carlos.d.wolfe@fakeu.edu"
"5","769714072","Burns","Jorge","UG","5","SR","DEF2","C-","RE","jorge.j.burns@fakeu.edu"
"6","555351159","Rivera","Mia","UG","5","JR","DEF1","B-","RE","mia.g.rivera@fakeu.edu"
"7","307834744","Turner","Aria","UG","5","SR","ABC2","A-","RE","aria.g.turner@fakeu.edu"
"8","832640975","Parrish","Lily","UG","5","SR","O254","C","RE","lily.s.parrish@fakeu.edu"
"9","685182342","Clark","Jack","UG","5","SR","ABC1","B-","RE","jack.o.clark@fakeu.edu"
"10","495155832","Jones","Bryan","UG","5","SR","ABC2","B+","RE","bryan.i.jones@fakeu.edu"
""
"CID","TERM","SUBJ","CRSE","SEC","UNITS"
"88145","200706","DEF","285","0","1"
""
"INSTRUCTOR(S)","TYPE","DAYS","TIME","BUILD","ROOM"
"","Discussion","","","",""
""
"SEAT","SID","SURNAME","PREFNAME","LEVEL","UNITS","CLASS","MAJOR","GRADE","STATUS","EMAIL"
""
"CID","TERM","SUBJ","CRSE","SEC","UNITS"
"76245","200706","DEF","285","1","1"
""
"INSTRUCTOR(S)","TYPE","DAYS","TIME","BUILD","ROOM"
"","Discussion","","","",""
""
"SEAT","SID","SURNAME","PREFNAME","LEVEL","UNITS","CLASS","MAJOR","GRADE","STATUS","EMAIL"
""
"CID","TERM","SUBJ","CRSE","SEC","UNITS"
"82572","200706","DEF","285","3","1"
""
"INSTRUCTOR(S)","TYPE","DAYS","TIME","BUILD","ROOM"
"Cox, Jordan V.","Discussion","","","",""
""
"SEAT","SID","SURNAME","PREFNAME","LEVEL","UNITS","CLASS","MAJOR","GRADE","STATUS","EMAIL"
""
"CID","TERM","SUBJ","CRSE","SEC","UNITS"
"34263","200706","DEF","286","0","1.000 - 5.000"
""
"INSTRUCTOR(S)","TYPE","DAYS","TIME","BUILD","ROOM"
"","Internship","","","",""
""
"SEAT","SID","SURNAME","PREFNAME","LEVEL","UNITS","CLASS","MAJOR","GRADE","STATUS","EMAIL"
""
"CID","TERM","SUBJ","CRSE","SEC","UNITS"
"11734","200706","DEF","286","7","1.000 - 5.000"
""
"INSTRUCTOR(S)","TYPE","DAYS","TIME","BUILD","ROOM"
"","Internship","","","",""
""
"SEAT","SID","SURNAME","PREFNAME","LEVEL","UNITS","CLASS","MAJOR","GRADE","STATUS","EMAIL"
""
"CID","TERM","SUBJ","CRSE","SEC","UNITS"
"18544","200706","DEF","286","13","1.000 - 5.000"
""
"INSTRUCTOR(S)","TYPE","DAYS","TIME","BUILD","ROOM"
"White, Jonathan E.","Internship","","","",""
""
"SEAT","SID","SURNAME","PREFNAME","LEVEL","UNITS","CLASS","MAJOR","GRADE","STATUS","EMAIL"
""
"CID","TERM","SUBJ","CRSE","SEC","UNITS"
"60238","200706","DEF","286","23","1.000 - 5.000"
""
"INSTRUCTOR(S)","TYPE","DAYS","TIME","BUILD","ROOM"
"Davenport, Jackson L.","Internship","","","",""
""
"SEAT","SID","SURNAME","PREFNAME","LEVEL","UNITS","CLASS","MAJOR","GRADE","STATUS","EMAIL"
""
"CID","TERM","SUBJ","CRSE","SEC","UNITS"
"30864","200706","DEF","300","0","1.000 - 5.000"
""
"INSTRUCTOR(S)","TYPE","DAYS","TIME","BUILD","ROOM"
"","Variable","","","",""
""
"SEAT","SID","SURNAME","PREFNAME","LEVEL","UNITS","CLASS","MAJOR","GRADE","STATUS","EMAIL"
""
"CID","TERM","SUBJ","CRSE","SEC","UNITS"
"66030","200706","DEF","300","1","1.000 - 5.000"
""
"INSTRUCTOR(S)","TYPE","DAYS","TIME","BUILD","ROOM"
"","Variable","","","",""
""
"SEAT","SID","SURNAME","PREFNAME","LEVEL","UNITS","CLASS","MAJOR","GRADE","STATUS","EMAIL"
""
"CID","TERM","SUBJ","CRSE","SEC","UNITS"
"12726","200706","DEF","300","2","1.000 - 5.000"
""
"INSTRUCTOR(S)","TYPE","DAYS","TIME","BUILD","ROOM"
"White, Jonathan E.","Variable","","","",""
""
"SEAT","SID","SURNAME","PREFNAME","LEVEL","UNITS","CLASS","MAJOR","GRADE","STATUS","EMAIL"
""
"CID","TERM","SUBJ","CRSE","SEC","UNITS"
"22502","200706","DEF","300","5","1.000 - 5.000"
""
"INSTRUCTOR(S)","TYPE","DAYS","TIME","BUILD","ROOM"
"Wiley, Natalie A.","Variable","","","",""
""
"SEAT","SID","SURNAME","PREFNAME","LEVEL","UNITS","CLASS","MAJOR","GRADE","STATUS","EMAIL"
""
"CID","TERM","SUBJ","CRSE","SEC","UNITS"
"22438","200706","DEF","300","16","1.000 - 5.000"
""
"INSTRUCTOR(S)","TYPE","DAYS","TIME","BUILD","ROOM"
"Mcdaniel, Elijah I.","Variable","","","",""
""
"SEAT","SID","SURNAME","PREFNAME","LEVEL","UNITS","CLASS","MAJOR","GRADE","STATUS","EMAIL"
""
"CID","TERM","SUBJ","CRSE","SEC","UNITS"
"45875","200706","DEF","417","0","1"
""
"INSTRUCTOR(S)","TYPE","DAYS","TIME","BUILD","ROOM"
"","Discussion","","","",""
""
"SEAT","SID","SURNAME","PREFNAME","LEVEL","UNITS","CLASS","MAJOR","GRADE","STATUS","EMAIL"
""
"CID","TERM","SUBJ","CRSE","SEC","UNITS"
"26906","200706","DEF","417","1","1"
""
"INSTRUCTOR(S)","TYPE","DAYS","TIME","BUILD","ROOM"
"Sanders, Julian R.","Discussion","","","",""
""
"SEAT","SID","SURNAME","PREFNAME","LEVEL","UNITS","CLASS","MAJOR","GRADE","STATUS","EMAIL"
""
"CID","TERM","SUBJ","CRSE","SEC","UNITS"
"82791","200706","DEF","417","2","1"
""
"INSTRUCTOR(S)","TYPE","DAYS","TIME","BUILD","ROOM"
"Moody, Emma F.","Discussion","","","",""
""
"SEAT","SID","SURNAME","PREFNAME","LEVEL","UNITS","CLASS","MAJOR","GRADE","STATUS","EMAIL"
""
"CID","TERM","SUBJ","CRSE","SEC","UNITS"
"39714","200706","DEF","417","12","1"
""
"INSTRUCTOR(S)","TYPE","DAYS","TIME","BUILD","ROOM"
"Sanders, Ruby I.","Discussion","","","",""
""
"SEAT","SID","SURNAME","PREFNAME","LEVEL","UNITS","CLASS","MAJOR","GRADE","STATUS","EMAIL"
""
"CID","TERM","SUBJ","CRSE","SEC","UNITS"
"14980","200706","DEF","417","16","1"
""
"INSTRUCTOR(S)","TYPE","DAYS","TIME","BUILD","ROOM"
"Lopez, Joseph S.","Discussion","","","",""
""
"SEAT","SID","SURNAME","PREFNAME","LEVEL","UNITS","CLASS","MAJOR","GRADE","STATUS","EMAIL"
""
"CID","TERM","SUBJ","CRSE","SEC","UNITS"
"60054","200706","DEF","417","17","1"
""
"INSTRUCTOR(S)","TYPE","DAYS","TIME","BUILD","ROOM"
"Cox, Jordan V.","Discussion","","","",""
""
"SEAT","SID","SURNAME","PREFNAME","LEVEL","UNITS","CLASS","MAJOR","GRADE","STATUS","EMAIL"
""
"CID","TERM","SUBJ","CRSE","SEC","UNITS"
"24986","200706","DEF","417","40","1"
""
"INSTRUCTOR(S)","TYPE","DAYS","TIME","BUILD","ROOM"
"Terry, Sophie L.","Discussion","","","",""
""
"SEAT","SID","SURNAME","PREFNAME","LEVEL","UNITS","CLASS","MAJOR","GRADE","STATUS","EMAIL"
""
"CID","TERM","SUBJ","CRSE","SEC","UNITS"
"18421","200706","DEF","426","0","1.000 - 12.000"
""
"INSTRUCTOR(S)","TYPE","DAYS","TIME","BUILD","ROOM"
"","Variable","","","",""
""
"SEAT","SID","SURNAME","PREFNAME","LEVEL","UNITS","CLASS","MAJOR","GRADE","STATUS","EMAIL"
""
"CID","TERM","SUBJ","CRSE","SEC","UNITS"
"93031","200706","DEF","426","1","1.000 - 12.000"
""
"INSTRUCTOR(S)","TYPE","DAYS","TIME","BUILD","ROOM"
"Tyler, Isaac J.","Variable","","","",""
""
"SEAT","SID","SURNAME","PREFNAME","LEVEL","UNITS","CLASS","MAJOR","GRADE","STATUS","EMAIL"
""
"CID","TERM","SUBJ","CRSE","SEC","UNITS"
"42818","200706","DEF","426","2","1.000 - 12.000"
""
"INSTRUCTOR(S)","TYPE","DAYS","TIME","BUILD","ROOM"
"Griffith, Dylan J.","Variable","","","",""
""
"SEAT","SID","SURNAME","PREFNAME","LEVEL","UNITS","CLASS","MAJOR","GRADE","STATUS","EMAIL"
""
"CID","TERM","SUBJ","CRSE","SEC","UNITS"
"68453","200706","DEF","426","6","1.000 - 12.000"
""
"INSTRUCTOR(S)","TYPE","DAYS","TIME","BUILD","ROOM"
"Moody, Emma F.","Variable","","","",""
""
"SEAT","SID","SURNAME","PREFNAME","LEVEL","UNITS","CLASS","MAJOR","GRADE","STATUS","EMAIL"
"1","542558153","Haney","Emma","GR","1","D2","DEFG","S","RE","emma.c.haney@fakeu.edu"
""
"CID","TERM","SUBJ","CRSE","SEC","UNITS"
"66764","200706","DEF","426","9","1.000 - 12.000"
""
"INSTRUCTOR(S)","TYPE","DAYS","TIME","BUILD","ROOM"
"Cox, Jordan V.","Variable","","","",""
""
"SEAT","SID","SURNAME","PREFNAME","LEVEL","UNITS","CLASS","MAJOR","GRADE","STATUS","EMAIL"
""
"CID","TERM","SUBJ","CRSE","SEC","UNITS"
"11105","200706","DEF","426","12","1.000 - 12.000"
""
"INSTRUCTOR(S)","TYPE","DAYS","TIME","BUILD","ROOM"
"Sanders, Ruby I.","Variable","","","",""
""
"SEAT","SID","SURNAME","PREFNAME","LEVEL","UNITS","CLASS","MAJOR","GRADE","STATUS","EMAIL"
"1","965137610","Gilliam","Emma","GR","1","D2","DEFG","NG","RE","emma.i.gilliam@fakeu.edu"
""
"CID","TERM","SUBJ","CRSE","SEC","UNITS"
"62282","200706","DEF","426","16","1.000 - 12.000"
""
"INSTRUCTOR(S)","TYPE","DAYS","TIME","BUILD","ROOM"
"Lopez, Joseph S.","Variable","","","",""
""
"SEAT","SID","SURNAME","PREFNAME","LEVEL","UNITS","CLASS","MAJOR","GRADE","STATUS","EMAIL"
""
"CID","TERM","SUBJ","CRSE","SEC","UNITS"
"33105","200706","DEF","426","21","1.000 - 12.000"
""
"INSTRUCTOR(S)","TYPE","DAYS","TIME","BUILD","ROOM"
"Snyder, Samantha R.","Variable","","","",""
""
"SEAT","SID","SURNAME","PREFNAME","LEVEL","UNITS","CLASS","MAJOR","GRADE","STATUS","EMAIL"
"1","264799595","Carter","William","GR","1","D2","DEFG","S","RE","william.b.carter@fakeu.edu"
"2","509300253","Henry","Jackson","GR","1","D2","DEFG","S","RE","jackson.a.henry@fakeu.edu"
""
"CID","TERM","SUBJ","CRSE","SEC","UNITS"
"75291","200706","DEF","426","29","1.000 - 12.000"
""
"INSTRUCTOR(S)","TYPE","DAYS","TIME","BUILD","ROOM"
"Patterson, Savannah Q.","Variable","","","",""
""
"SEAT","SID","SURNAME","PREFNAME","LEVEL","UNITS","CLASS","MAJOR","GRADE","STATUS","EMAIL"
"1","699318264","Warren","Mateo","GR","1","D1","DEFG","NG","RE","mateo.a.warren@fakeu.edu"
""
"CID","TERM","SUBJ","CRSE","SEC","UNITS"
"92985","200706","DEF","426","40","1.000 - 12.000"
""
"INSTRUCTOR(S)","TYPE","DAYS","TIME","BUILD","ROOM"
"Terry, Sophie L.","Variable","","","",""
""
"SEAT","SID","SURNAME","PREFNAME","LEVEL","UNITS","CLASS","MAJOR","GRADE","STATUS","EMAIL"
""
"CID","TERM","SUBJ","CRSE","SEC","UNITS"
"25701","200706","DEF","426","51","1.000 - 12.000"
""
"INSTRUCTOR(S)","TYPE","DAYS","TIME","BUILD","ROOM"
"Miller, Liam M.","Variable","","","",""
""
"SEAT","SID","SURNAME","PREFNAME","LEVEL","UNITS","CLASS","MAJOR","GRADE","STATUS","EMAIL"
""
"CID","TERM","SUBJ","CRSE","SEC","UNITS"
"42783","200706","DEF","201","21","5"
""
"INSTRUCTOR(S)","TYPE","DAYS","TIME","BUILD","ROOM"
"Morris, Sebastian B.","Lecture","MWF","8:00 AM - 9:40 AM","LH1","130"
"","Discussion","M","10:00 AM - 11:40 AM","LH1","130"
"","Laboratory","TR","11:00 AM - 1:30 PM","MB4","2290"
""
"SEAT","SID","SURNAME","PREFNAME","LEVEL","UNITS","CLASS","MAJOR","GRADE","STATUS","EMAIL"
"1","675748306","White","Connor","UG","5","SR","ABC2","F","RE","connor.s.white@fakeu.edu"
"2","617548078","Jackson","Jordan","UG","5","SR","OTH7","C","RE","jordan.l.jackson@fakeu.edu"
"3","769714072","Burns","Jorge","UG","5","SR","DEF2","B","RE","jorge.j.burns@fakeu.edu"
"4","587306701","Mccoy","Hunter","UG","5","SR","OT64","B-","RE","hunter.d.mccoy@fakeu.edu"
"5","230979780","Mays","Liam","UG","5","SR","DEF1","A","RE","liam.d.mays@fakeu.edu"
"6","105909837","Mills","Joseph","UG","5","SR","ABC2","F","RE","joseph.a.mills@fakeu.edu"
"7","554690485","Francis","Matthew","UG","5","SR","DEF1","B-","RE","matthew.a.francis@fakeu.edu"
"8","527316196","Taylor","Mateo","UG","5","SR","DEF2","D","RE","mateo.v.taylor@fakeu.edu"
"9","337504434","Cobb","Jonathan","UG","5","SR","ABC2","C-","RE","jonathan.g.cobb@fakeu.edu"
"10","566661656","Davis","Henry","UG","5","JR","ABC2","B+","RE","henry.m.davis@fakeu.edu"
"11","796644694","Alvarez","Evan","UG","5","SR","DEF1","B-","RE","evan.n.alvarez@fakeu.edu"
"12","327834172","Bell","Brandon","UG","5","JR","DEF1","A+","RE","brandon.j.bell@fakeu.edu"
"13","839655971","Bowen","Mateo","UG","5","SR","O251","B-","RE","mateo.n.bowen@fakeu.edu"
"14","142969512","Simpson","Alexandra","UG","5","JR","DEF1","C+","RE","alexandra.s.simpson@fakeu.edu"
"15","906467961","Johnson","Carlos","UG","5","JR","DEF1","A-","RE","carlos.b.johnson@fakeu.edu"
"16","870312049","Adams","Anthony","UG","5","JR","DEF1","B+","RE","anthony.d.adams@fakeu.edu"
"17","288866226","Wilson","William","UG","5","SR","DEF2","D","RE","william.m.wilson@fakeu.edu"
"18","184358866","Davis","Sophia","UG","5","SR","ABC2","C+","RE","sophia.l.davis1@fakeu.edu"
""
"CID","TERM","SUBJ","CRSE","SEC","UNITS"
"84726","200706","DEF","201","22","5"
""
"INSTRUCTOR(S)","TYPE","DAYS","TIME","BUILD","ROOM"
"Morris, Sebastian B.","Lecture","MWF","8:00 AM - 9:40 AM","LH1","130"
"","Discussion","M","10:00 AM - 11:40 AM","LH1","130"
"","Laboratory","TR","2:10 PM - 4:40 PM","MB4","2290"
""
"SEAT","SID","SURNAME","PREFNAME","LEVEL","UNITS","CLASS","MAJOR","GRADE","STATUS","EMAIL"
"1","410807783","Scott","Delilah","UG","5","SR","ABC2","B+","RE","delilah.m.scott@fakeu.edu"
"2","553579201","Russell","Bella","UG","5","SR","DEF2","C+","RE","bella.a.russell@fakeu.edu"
"3","642620421","Webb","Vincent","UG","5","SR","ABC2","B","RE","vincent.h.webb@fakeu.edu"
"4","251417235","Silva","Sophia","UG","5","SR","ABC2","B","RE","sophia.j.silva@fakeu.edu"
"5","408018588","Neal","Anthony","UG","5","SR","ABC2","C","RE","anthony.a.neal@fakeu.edu"
"6","833936714","Munoz","Daniel","UG","5","SR","ABC2","C","RE","daniel.e.munoz@fakeu.edu"
"7","153553348","Jones","Matthew","UG","5","JR","ABC2","B-","RE","matthew.i.jones@fakeu.edu"
"8","308822838","Edwards","Oliver","UG","5","SR","ABC2","B","RE","oliver.g.edwards@fakeu.edu"
"9","178076377","Stephenson","Jessica","UG","5","JR","DEF1","B","RE","jessica.j.stephenson@fakeu.edu"
"10","856934057","Herrera","Abigail","UG","5","SR","ABC2","B-","RE","abigail.s.herrera@fakeu.edu"
"11","521261875","Noel","Logan","UG","5","SR","OTH7","A-","RE","logan.r.noel@fakeu.edu"
"12","796139912","Spears","Ian","UG","5","SR","ABC2","C+","RE","ian.n.spears@fakeu.edu"
""
"CID","TERM","SUBJ","CRSE","SEC","UNITS"
"38081","200706","DEF","214","21","4"
""
"INSTRUCTOR(S)","TYPE","DAYS","TIME","BUILD","ROOM"
"Morris, Sebastian B.","Lecture","MWF","12:10 PM - 1:50 PM","LH1","118"
"","Discussion","W","2:10 PM - 3:50 PM","MB2","1016"
""
"SEAT","SID","SURNAME","PREFNAME","LEVEL","UNITS","CLASS","MAJOR","GRADE","STATUS","EMAIL"
"1","462358624","O'brien","Naomi","UG","4","SR","DEF1","D","RE","naomi.j.o'brien@fakeu.edu"
"2","841948120","Gutierrez","Claire","UG","4","JR","DEF2","D","RE","claire.j.gutierrez@fakeu.edu"
"3","783067325","Martinez","Isaiah","UG","4","SR","OTH7","C+","RE","isaiah.e.martinez@fakeu.edu"
"4","979438100","Lee","Daniel","UG","4","SR","DEF1","C-","RE","daniel.a.lee@fakeu.edu"
"5","790133934","Hart","Isabella","UG","4","SR","DEF1","F","RE","isabella.a.hart@fakeu.edu"
"6","191090175","Gonzalez","Noah","UG","4","SR","DEF1","A","RE","noah.n.gonzalez@fakeu.edu"
"7","487485066","Coleman","Steven","UG","4","SR","DEF2","B+","RE","steven.a.coleman@fakeu.edu"
"8","638239701","Lane","John","ND","4","ND","OTH2","C+","RE","john.g.lane@fakeu.edu"
"9","806799814","Taylor","Ryan","UG","4","SR","DEF1","B","RE","ryan.a.taylor@fakeu.edu"
""
"CID","TERM","SUBJ","CRSE","SEC","UNITS"
"49115","200706","DEF","238","21","4"
""
"INSTRUCTOR(S)","TYPE","DAYS","TIME","BUILD","ROOM"
"Henderson, Alexa M.","Lecture","TWR","2:10 PM - 4:25 PM","TB3","146"
""
"SEAT","SID","SURNAME","PREFNAME","LEVEL","UNITS","CLASS","MAJOR","GRADE","STATUS","EMAIL"
"1","125777693","Kim","Charlotte","UG","4","SR","DEF1","A","RE","charlotte.x.kim@fakeu.edu"
"2","960354859","Faulkner","Jason","UG","4","SR","DEF1","B+","RE","jason.o.faulkner@fakeu.edu"
"3","100377160","Crawford","Sofia","UG","4","SR","DEF1","A","RE","sofia.l.crawford1@fakeu.edu"
"4","328982638","Johnson","Juan","UG","4","JR","DEF1","A","RE","juan.g.johnson@fakeu.edu"
"5","437921133","Velazquez","Ivan","UG","4","JR","DEF1","B+","RE","ivan.a.velazquez@fakeu.edu"
"6","214492803","Griffin","Arianna","UG","4","SR","DEF1","A-","RE","arianna.l.griffin@fakeu.edu"
"7","158427529","Cunningham","Joshua","UG","4","SR","DEF2","A","RE","joshua.a.cunningham@fakeu.edu"
"8","762003259","Frye","Evan","UG","4","SR","DEF1","A-","RE","evan.a.frye@fakeu.edu"
"9","717650004","Montgomery","Olivia","UG","4","SR","DEF1","A-","RE","olivia.m.montgomery@fakeu.edu"
"10","555351159","Rivera","Mia","UG","4","SR","DEF1","B+","RE","mia.g.rivera@fakeu.edu"
"11","533711788","Johnson","Alexa","UG","4","SR","DEF1","A-","RE","alexa.s.johnson1@fakeu.edu"
"12","167089623","Maddox","Christopher","UG","4","JR","DEF1","A","RE","christopher.o.maddox@fakeu.edu"
"13","408193673","Lee","Chloe","UG","4","SR","O254","A-","RE","chloe.e.lee@fakeu.edu"
"14","832640975","Parrish","Lily","UG","4","SR","O254","B+","RE","lily.s.parrish@fakeu.edu"
"15","769387833","Curry","Joseph","UG","4","SR","DEF1","A-","RE","joseph.g.curry@fakeu.edu"
"16","184064684","Hamilton","Jacob","UG","4","SR","DEF1","B+","RE","jacob.b.hamilton1@fakeu.edu"
"17","400423455","Lewis","Audrey","UG","4","SR","DEF2","A","RE","audrey.a.lewis@fakeu.edu"
"18","451208853","Burris","Adam","UG","4","SR","DEF2","A","RE","adam.g.burris@fakeu.edu"
"19","540966870","Ferrell","Michelle","GR","4","D1","O218","A-","RE","michelle.v.ferrell@fakeu.edu"
"20","930046154","Porter","Aaron","UG","4","SR","OTH7","A+","RE","aaron.m.porter@fakeu.edu"
""
"CID","TERM","SUBJ","CRSE","SEC","UNITS"
"61738","200706","DEF","250","21","4"
""
"INSTRUCTOR(S)","TYPE","DAYS","TIME","BUILD","ROOM"
"Davenport, Jackson L.","Lecture","MTW","2:10 PM - 3:50 PM","LH1","142"
"","Discussion","MTW","3:51 PM - 4:25 PM","LH1","142"
""
"SEAT","SID","SURNAME","PREFNAME","LEVEL","UNITS","CLASS","MAJOR","GRADE","STATUS","EMAIL"
"1","431870026","Sherman","Isaac","UG","4","SR","DEF1","D+","RE","isaac.l.sherman@fakeu.edu"
"2","762151817","Reese","Genesis","UG","4","SR","DEF1","C-","RE","genesis.n.reese@fakeu.edu"
"3","928221683","Booker","Christian","UG","4","JR","DEF1","B","RE","christian.c.booker@fakeu.edu"
"4","813374173","Watson","Brayden","UG","4","SR","DEF1","B","RE","brayden.u.watson@fakeu.edu"
"5","366687387","Conway","Mia","UG","4","SR","DEF2","C-","RE","mia.a.conway@fakeu.edu"
"6","540808742","Garcia","Jonathan","UG","4","SR","DEF2","F","RE","jonathan.s.garcia@fakeu.edu"
"7","385588676","Harrington","Brianna","UG","4","SR","DEF1","B+","RE","brianna.e.harrington@fakeu.edu"
"8","912518999","Burton","Elias","UG","4","SR","OTH7","A","RE","elias.n.burton@fakeu.edu"
"9","944504314","Stevenson","Jason","UG","4","SR","DEF1","A","RE","jason.l.stevenson@fakeu.edu"
"10","141359263","Lopez","Joseph","UG","4","SR","ABC2","B","RE","joseph.m.lopez@fakeu.edu"
"11","114431837","Davis","Noah","UG","4","SR","DEF1","B-","RE","noah.o.davis@fakeu.edu"
"12","355260415","Stephens","Dominic","UG","4","SR","DEF1","B","RE","dominic.h.stephens@fakeu.edu"
""
"CID","TERM","SUBJ","CRSE","SEC","UNITS"
"69026","200706","DEF","285","0","1"
""
"INSTRUCTOR(S)","TYPE","DAYS","TIME","BUILD","ROOM"
"","Discussion","","","",""
""
"SEAT","SID","SURNAME","PREFNAME","LEVEL","UNITS","CLASS","MAJOR","GRADE","STATUS","EMAIL"
""
"CID","TERM","SUBJ","CRSE","SEC","UNITS"
"25085","200706","DEF","285","1","1"
""
"INSTRUCTOR(S)","TYPE","DAYS","TIME","BUILD","ROOM"
"Griffith, Dylan J.","Discussion","","","",""
""
"SEAT","SID","SURNAME","PREFNAME","LEVEL","UNITS","CLASS","MAJOR","GRADE","STATUS","EMAIL"
""
"CID","TERM","SUBJ","CRSE","SEC","UNITS"
"67222","200706","DEF","285","2","1"
""
"INSTRUCTOR(S)","TYPE","DAYS","TIME","BUILD","ROOM"
"","Discussion","","","",""
""
"SEAT","SID","SURNAME","PREFNAME","LEVEL","UNITS","CLASS","MAJOR","GRADE","STATUS","EMAIL"
""
"CID","TERM","SUBJ","CRSE","SEC","UNITS"
"46037","200706","DEF","286","0","1.000 - 5.000"
""
"INSTRUCTOR(S)","TYPE","DAYS","TIME","BUILD","ROOM"
"","Internship","","","",""
""
"SEAT","SID","SURNAME","PREFNAME","LEVEL","UNITS","CLASS","MAJOR","GRADE","STATUS","EMAIL"
""
"CID","TERM","SUBJ","CRSE","SEC","UNITS"
"49128","200706","DEF","286","11","1.000 - 5.000"
""
"INSTRUCTOR(S)","TYPE","DAYS","TIME","BUILD","ROOM"
"White, Jonathan E.","Internship","","","",""
""
"SEAT","SID","SURNAME","PREFNAME","LEVEL","UNITS","CLASS","MAJOR","GRADE","STATUS","EMAIL"
""
"CID","TERM","SUBJ","CRSE","SEC","UNITS"
"16505","200706","DEF","286","13","1.000 - 5.000"
""
"INSTRUCTOR(S)","TYPE","DAYS","TIME","BUILD","ROOM"
"White, Jonathan E.","Internship","","","",""
""
"SEAT","SID","SURNAME","PREFNAME","LEVEL","UNITS","CLASS","MAJOR","GRADE","STATUS","EMAIL"
""
"CID","TERM","SUBJ","CRSE","SEC","UNITS"
"95656","200706","DEF","300","0","1.000 - 5.000"
""
"INSTRUCTOR(S)","TYPE","DAYS","TIME","BUILD","ROOM"
"","Variable","","","",""
""
"SEAT","SID","SURNAME","PREFNAME","LEVEL","UNITS","CLASS","MAJOR","GRADE","STATUS","EMAIL"
""
"CID","TERM","SUBJ","CRSE","SEC","UNITS"
"99019","200706","DEF","300","1","1.000 - 5.000"
""
"INSTRUCTOR(S)","TYPE","DAYS","TIME","BUILD","ROOM"
"Griffith, Dylan J.","Variable","","","",""
""
"SEAT","SID","SURNAME","PREFNAME","LEVEL","UNITS","CLASS","MAJOR","GRADE","STATUS","EMAIL"
""
"CID","TERM","SUBJ","CRSE","SEC","UNITS"
"29526","200706","DEF","300","2","1.000 - 5.000"
""
"INSTRUCTOR(S)","TYPE","DAYS","TIME","BUILD","ROOM"
"","Variable","","","",""
""
"SEAT","SID","SURNAME","PREFNAME","LEVEL","UNITS","CLASS","MAJOR","GRADE","STATUS","EMAIL"
""
"CID","TERM","SUBJ","CRSE","SEC","UNITS"
"22341","200706","DEF","417","0","1"
""
"INSTRUCTOR(S)","TYPE","DAYS","TIME","BUILD","ROOM"
"","Discussion","","","",""
""
"SEAT","SID","SURNAME","PREFNAME","LEVEL","UNITS","CLASS","MAJOR","GRADE","STATUS","EMAIL"
""
"CID","TERM","SUBJ","CRSE","SEC","UNITS"
"83601","200706","DEF","417","1","1"
""
"INSTRUCTOR(S)","TYPE","DAYS","TIME","BUILD","ROOM"
"Sanders, Julian R.","Discussion","","","",""
""
"SEAT","SID","SURNAME","PREFNAME","LEVEL","UNITS","CLASS","MAJOR","GRADE","STATUS","EMAIL"
""
"CID","TERM","SUBJ","CRSE","SEC","UNITS"
"64674","200706","DEF","417","2","1"
""
"INSTRUCTOR(S)","TYPE","DAYS","TIME","BUILD","ROOM"
"Stafford, Aaliyah A.","Discussion","","","",""
""
"SEAT","SID","SURNAME","PREFNAME","LEVEL","UNITS","CLASS","MAJOR","GRADE","STATUS","EMAIL"
""
"CID","TERM","SUBJ","CRSE","SEC","UNITS"
"37190","200706","DEF","417","12","1"
""
"INSTRUCTOR(S)","TYPE","DAYS","TIME","BUILD","ROOM"
"Sanders, Ruby I.","Discussion","","","",""
""
"SEAT","SID","SURNAME","PREFNAME","LEVEL","UNITS","CLASS","MAJOR","GRADE","STATUS","EMAIL"
""
"CID","TERM","SUBJ","CRSE","SEC","UNITS"
"25520","200706","DEF","417","24","1"
""
"INSTRUCTOR(S)","TYPE","DAYS","TIME","BUILD","ROOM"
"Noel, Alexa K.","Discussion","","","",""
""
"SEAT","SID","SURNAME","PREFNAME","LEVEL","UNITS","CLASS","MAJOR","GRADE","STATUS","EMAIL"
""
"CID","TERM","SUBJ","CRSE","SEC","UNITS"
"40511","200706","DEF","417","40","1"
""
"INSTRUCTOR(S)","TYPE","DAYS","TIME","BUILD","ROOM"
"Terry, Sophie L.","Discussion","","","",""
""
"SEAT","SID","SURNAME","PREFNAME","LEVEL","UNITS","CLASS","MAJOR","GRADE","STATUS","EMAIL"
""
"CID","TERM","SUBJ","CRSE","SEC","UNITS"
"53028","200706","DEF","426","0","1.000 - 12.000"
""
"INSTRUCTOR(S)","TYPE","DAYS","TIME","BUILD","ROOM"
"","Variable","","","",""
""
"SEAT","SID","SURNAME","PREFNAME","LEVEL","UNITS","CLASS","MAJOR","GRADE","STATUS","EMAIL"
""
"CID","TERM","SUBJ","CRSE","SEC","UNITS"
"57418","200706","DEF","426","1","1.000 - 12.000"
""
"INSTRUCTOR(S)","TYPE","DAYS","TIME","BUILD","ROOM"
"Sanders, Julian R.","Variable","","","",""
""
"SEAT","SID","SURNAME","PREFNAME","LEVEL","UNITS","CLASS","MAJOR","GRADE","STATUS","EMAIL"
""
"CID","TERM","SUBJ","CRSE","SEC","UNITS"
"43976","200706","DEF","426","2","1.000 - 12.000"
""
"INSTRUCTOR(S)","TYPE","DAYS","TIME","BUILD","ROOM"
"Tyler, Isaac J.","Variable","","","",""
""
"SEAT","SID","SURNAME","PREFNAME","LEVEL","UNITS","CLASS","MAJOR","GRADE","STATUS","EMAIL"
"1","622060204","Watkins","Sofia","GR","1","D2","DEFG","NG","RE","sofia.j.watkins@fakeu.edu"
"2","455041364","Lee","Ethan","GR","1","D1","DEFG","NG","RE","ethan.o.lee@fakeu.edu"
"3","727035147","Washington","Daniel","GR","1","D2","DEFG","NG","RE","daniel.x.washington@fakeu.edu"
""
"CID","TERM","SUBJ","CRSE","SEC","UNITS"
"46981","200706","DEF","426","12","1.000 - 12.000"
""
"INSTRUCTOR(S)","TYPE","DAYS","TIME","BUILD","ROOM"
"Cox, Jordan V.","Variable","","","",""
""
"SEAT","SID","SURNAME","PREFNAME","LEVEL","UNITS","CLASS","MAJOR","GRADE","STATUS","EMAIL"
"1","409490297","Williams","David","GR","1","D2","DEFG","S","RE","david.m.williams@fakeu.edu"
""
"CID","TERM","SUBJ","CRSE","SEC","UNITS"
"97627","200706","DEF","426","22","1.000 - 12.000"
""
"INSTRUCTOR(S)","TYPE","DAYS","TIME","BUILD","ROOM"
"Suarez, Julian J.","Variable","","","",""
""
"SEAT","SID","SURNAME","PREFNAME","LEVEL","UNITS","CLASS","MAJOR","GRADE","STATUS","EMAIL"
""
"CID","TERM","SUBJ","CRSE","SEC","UNITS"
"62295","200706","DEF","426","24","1.000 - 12.000"
""
"INSTRUCTOR(S)","TYPE","DAYS","TIME","BUILD","ROOM"
"Noel, Alexa K.","Variable","","","",""
""
"SEAT","SID","SURNAME","PREFNAME","LEVEL","UNITS","CLASS","MAJOR","GRADE","STATUS","EMAIL"
""
"CID","TERM","SUBJ","CRSE","SEC","UNITS"
"36637","200706","DEF","426","40","1.000 - 12.000"
""
"INSTRUCTOR(S)","TYPE","DAYS","TIME","BUILD","ROOM"
"Terry, Sophie L.","Variable","","","",""
""
"SEAT","SID","SURNAME","PREFNAME","LEVEL","UNITS","CLASS","MAJOR","GRADE","STATUS","EMAIL"
"1","774692177","Morales","Levi","U0","6","FR","OTH2","P","RE","levi.o.morales@fakeu.edu"
""
"CID","TERM","SUBJ","CRSE","SEC","UNITS"
"69835","200706","DEF","427","74","1"
""
"INSTRUCTOR(S)","TYPE","DAYS","TIME","BUILD","ROOM"
"","Discussion","","","",""
""
"SEAT","SID","SURNAME","PREFNAME","LEVEL","UNITS","CLASS","MAJOR","GRADE","STATUS","EMAIL"
